tax_id,name,common_name,tax_level,species_taxid,genus_taxid,family_taxid,category_name,is_phage,NT_r,NT_rpm,NT_zscore,NT_percentidentity,NT_alignmentlength,NT_neglogevalue,NT_percentconcordant,aggregatescore,NT_maxzscore,NR_r,NR_rpm,NR_zscore,NR_percentidentity,NR_alignmentlength,NR_neglogevalue,NR_percentconcordant,NR_r_pct,NR_rpm_bg,NR_maxzscore
875170,Celeribacter,"",2,-100,875170,31989,Bacteria,0,0,0,-100,0.0,0.0,0.0,0.0,1092390.057,99.0,1.0,111.457,99.0,91.3,23.0,10.6999998,0.0,16.66667,0.3190128,99.0
875171,Celeribacter baekdonensis,"",1,875171,875170,31989,Bacteria,0,0,0,-100,0.0,0.0,0.0,0.0,1092390.057,99.0,1.0,111.457,99.0,91.3,23.0,10.6999998,0.0,16.66667,0.0773765,99.0
265,Paracoccus,"",2,-100,265,31989,Bacteria,0,0,0,-100,0.0,0.0,0.0,0.0,18078.2731155213,1.6383791,1.0,111.457,1.6383791,94.7,19.0,8.0,0.0,16.66667,20.8298683,1.6383791
34007,Paracoccus versutus,"",1,34007,265,31989,Bacteria,0,0,0,-100,0.0,0.0,0.0,0.0,18078.2731155213,99.0,1.0,111.457,99.0,94.7,19.0,8.0,0.0,16.66667,0.1382673,99.0
1912216,Cutibacterium,"",2,-100,1912216,31957,Bacteria,0,2.0,222.915,-0.21337,100.0,150.0,90.4814835,0.0,-15.585344773778079,-0.1650186,2.0,222.915,-0.1650186,100.0,43.5,14.0,0.0,33.33333,386.4637451,-0.1650186
1747,Cutibacterium acnes,"",1,1747,1912216,31957,Bacteria,0,2.0,222.915,-0.2053366,100.0,150.0,90.4814835,0.0,-15.585344773778079,-0.1581847,2.0,222.915,-0.1581847,100.0,43.5,14.0,0.0,33.33333,373.9963074,-0.1581847
